text_id,category,source_text,target_text,target_lang,quality_score,fluency_score,adequacy_score,contains_worldview_term,text_length,quality_grade,category_encoded,target_lang_encoded,quality_encoded
TXT001,UI,전투 시작,Start Battle,en,0.932,0.776,0.958,0,5,excellent,0,0,1
TXT001,UI,전투 시작,バトル開始,ja,0.909,0.638,0.993,0,5,excellent,0,1,1
TXT001,UI,전투 시작,开始战斗,zh,0.928,0.914,0.738,0,5,excellent,0,2,1
TXT002,UI,스테이지 클리어,Stage Clear,en,0.835,0.748,0.978,0,8,good,0,0,2
TXT002,UI,스테이지 클리어,ステージクリア,ja,0.893,0.929,0.833,0,8,good,0,1,2
TXT002,UI,스테이지 클리어,关卡通关,zh,0.768,0.822,0.719,0,8,acceptable,0,2,0
TXT003,UI,보물을 획득했습니다!,Treasure obtained!,en,0.948,0.853,0.927,0,11,excellent,0,0,1
TXT003,UI,보물을 획득했습니다!,宝物を獲得しました！,ja,0.806,0.988,0.968,0,11,good,0,1,2
TXT003,UI,보물을 획득했습니다!,获得了宝物！,zh,0.934,0.678,0.84,0,11,excellent,0,2,1
TXT004,story,오븐에서 탈출해야 해!,I must escape from the oven!,en,0.713,0.662,0.905,1,12,acceptable,7,0,0
TXT004,story,오븐에서 탈출해야 해!,オーブンから脱出しなきゃ！,ja,0.923,0.987,0.798,1,12,excellent,7,1,1
TXT004,story,오븐에서 탈출해야 해!,必须从烤箱逃出去！,zh,0.811,0.788,0.757,1,12,good,7,2,2
TXT005,story,"친구들, 같이 가자!","Friends, let's go together!",en,0.739,0.79,0.768,0,11,acceptable,7,0,0
TXT005,story,"친구들, 같이 가자!",みんな、一緒に行こう！,ja,0.901,0.775,0.95,0,11,excellent,7,1,1
TXT005,story,"친구들, 같이 가자!",朋友们，一起走吧！,zh,0.91,0.725,0.95,0,11,excellent,7,2,1
TXT006,skill,나의 힘을 받아라!,Feel my power!,en,0.941,0.755,0.786,0,10,excellent,6,0,1
TXT006,skill,나의 힘을 받아라!,私の力を受けろ！,ja,0.905,0.656,0.76,0,10,excellent,6,1,1
TXT006,skill,나의 힘을 받아라!,接受我的力量吧！,zh,0.702,0.915,0.899,0,10,acceptable,6,2,0
TXT007,skill,모두를 지켜줄게!,I'll protect everyone!,en,0.912,0.912,0.838,0,9,excellent,6,0,1
TXT007,skill,모두를 지켜줄게!,みんなを守るよ！,ja,0.871,0.656,0.734,0,9,good,6,1,2
TXT007,skill,모두를 지켜줄게!,我会保护大家的！,zh,0.901,0.788,0.87,0,9,excellent,6,2,1
TXT008,dialog,이 맛은... 마녀의 저주!,This taste... the witch's curse!,en,0.929,0.854,0.866,1,15,excellent,2,0,1
TXT008,dialog,이 맛은... 마녀의 저주!,この味は…魔女の呪い！,ja,0.868,0.722,0.709,1,15,good,2,1,2
TXT008,dialog,이 맛은... 마녀의 저주!,这个味道...是魔女的诅咒！,zh,0.831,0.686,0.823,1,15,good,2,2,2
TXT009,dialog,쿠키들의 왕국을 세우자!,Let's build a kingdom for cookies!,en,0.956,0.694,0.717,0,13,excellent,2,0,1
TXT009,dialog,쿠키들의 왕국을 세우자!,クッキーたちの王国を作ろう！,ja,0.784,0.717,0.899,0,13,acceptable,2,1,0
TXT009,dialog,쿠키들의 왕국을 세우자!,建立饼干们的王国吧！,zh,0.867,0.914,0.899,0,13,good,2,2,2
TXT010,item,체력 회복 젤리,HP Recovery Jelly,en,0.822,0.926,0.75,1,8,good,3,0,2
TXT010,item,체력 회복 젤리,体力回復ゼリー,ja,0.707,0.636,0.917,1,8,acceptable,3,1,0
TXT010,item,체력 회복 젤리,体力恢复果冻,zh,0.839,0.665,0.85,1,8,good,3,2,2
SYN0000,notice,[합성 텍스트 0],[Synthetic 0],en,0.817,0.79,0.816,0,19,good,4,0,2
SYN0000,notice,[합성 텍스트 0],[Synthetic 0],ja,0.742,0.631,0.734,0,19,acceptable,4,1,0
SYN0000,notice,[합성 텍스트 0],[Synthetic 0],zh,0.618,0.7,0.882,0,19,needs_review,4,2,3
SYN0001,dialog,[합성 텍스트 1],[Synthetic 1],en,0.88,0.764,0.909,0,71,good,2,0,2
SYN0001,dialog,[합성 텍스트 1],[Synthetic 1],ja,0.657,0.779,0.774,0,71,needs_review,2,1,3
SYN0001,dialog,[합성 텍스트 1],[Synthetic 1],zh,0.716,0.884,0.712,0,71,acceptable,2,2,0
SYN0002,quest,[합성 텍스트 2],[Synthetic 2],en,0.691,0.655,0.856,0,34,needs_review,5,0,3
SYN0002,quest,[합성 텍스트 2],[Synthetic 2],ja,0.697,0.823,0.852,0,34,needs_review,5,1,3
SYN0002,quest,[합성 텍스트 2],[Synthetic 2],zh,0.91,0.776,0.768,0,34,excellent,5,2,1
SYN0003,achievement,[합성 텍스트 3],[Synthetic 3],en,0.886,0.884,0.879,0,44,good,1,0,2
SYN0003,achievement,[합성 텍스트 3],[Synthetic 3],ja,0.896,0.681,0.799,0,44,good,1,1,2
SYN0003,achievement,[합성 텍스트 3],[Synthetic 3],zh,0.657,0.761,0.74,0,44,needs_review,1,2,3
SYN0004,item,[합성 텍스트 4],[Synthetic 4],en,0.653,0.698,0.875,0,61,needs_review,3,0,3
SYN0004,item,[합성 텍스트 4],[Synthetic 4],ja,0.884,1.0,1.0,0,61,good,3,1,2
SYN0004,item,[합성 텍스트 4],[Synthetic 4],zh,0.841,0.701,0.679,0,61,good,3,2,2
SYN0005,achievement,[합성 텍스트 5],[Synthetic 5],en,0.708,0.739,0.839,0,30,acceptable,1,0,0
SYN0005,achievement,[합성 텍스트 5],[Synthetic 5],ja,0.857,0.816,0.837,0,30,good,1,1,2
SYN0005,achievement,[합성 텍스트 5],[Synthetic 5],zh,0.646,0.633,0.811,0,30,needs_review,1,2,3
SYN0006,UI,[합성 텍스트 6],[Synthetic 6],en,0.977,0.813,0.929,0,31,excellent,0,0,1
SYN0006,UI,[합성 텍스트 6],[Synthetic 6],ja,0.75,0.682,0.773,0,31,acceptable,0,1,0
SYN0006,UI,[합성 텍스트 6],[Synthetic 6],zh,0.727,1.0,0.784,0,31,acceptable,0,2,0
SYN0007,dialog,[합성 텍스트 7],[Synthetic 7],en,0.843,0.838,0.837,0,81,good,2,0,2
SYN0007,dialog,[합성 텍스트 7],[Synthetic 7],ja,0.746,0.735,0.886,0,81,acceptable,2,1,0
SYN0007,dialog,[합성 텍스트 7],[Synthetic 7],zh,0.705,0.677,0.748,0,81,acceptable,2,2,0
SYN0008,story,[합성 텍스트 8],[Synthetic 8],en,0.716,0.788,0.873,1,89,acceptable,7,0,0
SYN0008,story,[합성 텍스트 8],[Synthetic 8],ja,0.831,0.822,0.817,1,89,good,7,1,2
SYN0008,story,[합성 텍스트 8],[Synthetic 8],zh,0.811,0.843,0.973,1,89,good,7,2,2
SYN0009,dialog,[합성 텍스트 9],[Synthetic 9],en,0.563,0.965,0.988,1,29,needs_review,2,0,3
SYN0009,dialog,[합성 텍스트 9],[Synthetic 9],ja,0.682,0.762,0.967,1,29,needs_review,2,1,3
SYN0009,dialog,[합성 텍스트 9],[Synthetic 9],zh,0.589,0.711,0.901,1,29,needs_review,2,2,3
SYN0010,skill,[합성 텍스트 10],[Synthetic 10],en,0.734,0.834,0.963,0,97,acceptable,6,0,0
SYN0010,skill,[합성 텍스트 10],[Synthetic 10],ja,0.759,0.864,0.686,0,97,acceptable,6,1,0
SYN0010,skill,[합성 텍스트 10],[Synthetic 10],zh,0.745,0.716,0.752,0,97,acceptable,6,2,0
SYN0011,dialog,[합성 텍스트 11],[Synthetic 11],en,0.792,0.667,0.852,1,23,acceptable,2,0,0
SYN0011,dialog,[합성 텍스트 11],[Synthetic 11],ja,0.652,0.767,0.93,1,23,needs_review,2,1,3
SYN0011,dialog,[합성 텍스트 11],[Synthetic 11],zh,0.754,0.934,0.838,1,23,acceptable,2,2,0
SYN0012,notice,[합성 텍스트 12],[Synthetic 12],en,0.774,0.818,0.763,0,92,acceptable,4,0,0
SYN0012,notice,[합성 텍스트 12],[Synthetic 12],ja,0.759,0.823,1.0,0,92,acceptable,4,1,0
SYN0012,notice,[합성 텍스트 12],[Synthetic 12],zh,0.938,0.715,0.827,0,92,excellent,4,2,1
SYN0013,dialog,[합성 텍스트 13],[Synthetic 13],en,0.732,0.921,0.792,1,49,acceptable,2,0,0
SYN0013,dialog,[합성 텍스트 13],[Synthetic 13],ja,0.635,0.585,0.837,1,49,needs_review,2,1,3
SYN0013,dialog,[합성 텍스트 13],[Synthetic 13],zh,0.594,0.747,0.78,1,49,needs_review,2,2,3
SYN0014,UI,[합성 텍스트 14],[Synthetic 14],en,0.603,1.0,0.747,1,66,needs_review,0,0,3
SYN0014,UI,[합성 텍스트 14],[Synthetic 14],ja,0.64,0.984,1.0,1,66,needs_review,0,1,3
SYN0014,UI,[합성 텍스트 14],[Synthetic 14],zh,0.633,0.763,0.877,1,66,needs_review,0,2,3
SYN0015,story,[합성 텍스트 15],[Synthetic 15],en,0.725,0.878,0.885,0,83,acceptable,7,0,0
SYN0015,story,[합성 텍스트 15],[Synthetic 15],ja,0.712,0.787,0.74,0,83,acceptable,7,1,0
SYN0015,story,[합성 텍스트 15],[Synthetic 15],zh,0.726,0.773,0.869,0,83,acceptable,7,2,0
SYN0016,achievement,[합성 텍스트 16],[Synthetic 16],en,0.851,0.816,0.878,0,10,good,1,0,2
SYN0016,achievement,[합성 텍스트 16],[Synthetic 16],ja,0.755,0.8,0.792,0,10,acceptable,1,1,0
SYN0016,achievement,[합성 텍스트 16],[Synthetic 16],zh,0.782,0.79,1.0,0,10,acceptable,1,2,0
SYN0017,quest,[합성 텍스트 17],[Synthetic 17],en,0.674,0.689,0.945,0,59,needs_review,5,0,3
SYN0017,quest,[합성 텍스트 17],[Synthetic 17],ja,0.776,0.848,0.71,0,59,acceptable,5,1,0
SYN0017,quest,[합성 텍스트 17],[Synthetic 17],zh,0.843,0.845,0.761,0,59,good,5,2,2
SYN0018,skill,[합성 텍스트 18],[Synthetic 18],en,0.705,0.771,0.842,1,81,acceptable,6,0,0
SYN0018,skill,[합성 텍스트 18],[Synthetic 18],ja,0.675,0.815,0.968,1,81,needs_review,6,1,3
SYN0018,skill,[합성 텍스트 18],[Synthetic 18],zh,0.443,0.776,0.864,1,81,needs_review,6,2,3
SYN0019,story,[합성 텍스트 19],[Synthetic 19],en,0.574,0.833,0.988,0,30,needs_review,7,0,3
SYN0019,story,[합성 텍스트 19],[Synthetic 19],ja,0.597,0.886,0.824,0,30,needs_review,7,1,3
SYN0019,story,[합성 텍스트 19],[Synthetic 19],zh,0.744,0.695,0.823,0,30,acceptable,7,2,0
SYN0020,achievement,[합성 텍스트 20],[Synthetic 20],en,0.873,0.918,0.885,1,95,good,1,0,2
SYN0020,achievement,[합성 텍스트 20],[Synthetic 20],ja,0.874,0.844,0.916,1,95,good,1,1,2
SYN0020,achievement,[합성 텍스트 20],[Synthetic 20],zh,0.67,0.807,0.794,1,95,needs_review,1,2,3
SYN0021,story,[합성 텍스트 21],[Synthetic 21],en,0.828,0.781,0.944,0,74,good,7,0,2
SYN0021,story,[합성 텍스트 21],[Synthetic 21],ja,0.825,0.982,0.908,0,74,good,7,1,2
SYN0021,story,[합성 텍스트 21],[Synthetic 21],zh,0.593,0.793,0.756,0,74,needs_review,7,2,3
SYN0022,story,[합성 텍스트 22],[Synthetic 22],en,0.814,0.73,0.769,0,81,good,7,0,2
SYN0022,story,[합성 텍스트 22],[Synthetic 22],ja,0.753,0.678,0.796,0,81,acceptable,7,1,0
SYN0022,story,[합성 텍스트 22],[Synthetic 22],zh,0.781,0.916,0.899,0,81,acceptable,7,2,0
SYN0023,dialog,[합성 텍스트 23],[Synthetic 23],en,0.757,0.841,0.979,0,49,acceptable,2,0,0
SYN0023,dialog,[합성 텍스트 23],[Synthetic 23],ja,0.544,0.741,0.897,0,49,needs_review,2,1,3
SYN0023,dialog,[합성 텍스트 23],[Synthetic 23],zh,0.592,0.948,0.879,0,49,needs_review,2,2,3
SYN0024,quest,[합성 텍스트 24],[Synthetic 24],en,0.781,0.907,0.869,1,44,acceptable,5,0,0
SYN0024,quest,[합성 텍스트 24],[Synthetic 24],ja,0.723,0.827,0.781,1,44,acceptable,5,1,0
SYN0024,quest,[합성 텍스트 24],[Synthetic 24],zh,0.685,0.785,0.881,1,44,needs_review,5,2,3
SYN0025,UI,[합성 텍스트 25],[Synthetic 25],en,0.787,0.948,0.791,0,93,acceptable,0,0,0
SYN0025,UI,[합성 텍스트 25],[Synthetic 25],ja,0.718,0.82,0.918,0,93,acceptable,0,1,0
SYN0025,UI,[합성 텍스트 25],[Synthetic 25],zh,0.801,0.933,0.919,0,93,good,0,2,2
SYN0026,achievement,[합성 텍스트 26],[Synthetic 26],en,0.983,0.779,0.69,0,95,excellent,1,0,1
SYN0026,achievement,[합성 텍스트 26],[Synthetic 26],ja,0.91,0.754,0.859,0,95,excellent,1,1,1
SYN0026,achievement,[합성 텍스트 26],[Synthetic 26],zh,0.881,0.64,0.75,0,95,good,1,2,2
SYN0027,notice,[합성 텍스트 27],[Synthetic 27],en,0.794,0.852,0.872,0,48,acceptable,4,0,0
SYN0027,notice,[합성 텍스트 27],[Synthetic 27],ja,0.609,0.569,0.854,0,48,needs_review,4,1,3
SYN0027,notice,[합성 텍스트 27],[Synthetic 27],zh,0.703,0.846,0.906,0,48,acceptable,4,2,0
SYN0028,quest,[합성 텍스트 28],[Synthetic 28],en,0.764,0.876,0.868,0,99,acceptable,5,0,0
SYN0028,quest,[합성 텍스트 28],[Synthetic 28],ja,0.803,0.73,0.836,0,99,good,5,1,2
SYN0028,quest,[합성 텍스트 28],[Synthetic 28],zh,0.77,0.882,0.819,0,99,acceptable,5,2,0
SYN0029,skill,[합성 텍스트 29],[Synthetic 29],en,0.738,0.883,0.691,0,67,acceptable,6,0,0
SYN0029,skill,[합성 텍스트 29],[Synthetic 29],ja,0.62,0.652,0.663,0,67,needs_review,6,1,3
SYN0029,skill,[합성 텍스트 29],[Synthetic 29],zh,0.682,0.875,0.827,0,67,needs_review,6,2,3
SYN0030,UI,[합성 텍스트 30],[Synthetic 30],en,0.933,0.793,0.958,0,78,excellent,0,0,1
SYN0030,UI,[합성 텍스트 30],[Synthetic 30],ja,0.809,0.716,0.802,0,78,good,0,1,2
SYN0030,UI,[합성 텍스트 30],[Synthetic 30],zh,0.652,0.711,0.821,0,78,needs_review,0,2,3
SYN0031,UI,[합성 텍스트 31],[Synthetic 31],en,0.612,0.839,0.767,1,72,needs_review,0,0,3
SYN0031,UI,[합성 텍스트 31],[Synthetic 31],ja,0.797,0.787,0.704,1,72,acceptable,0,1,0
SYN0031,UI,[합성 텍스트 31],[Synthetic 31],zh,0.843,0.739,0.807,1,72,good,0,2,2
SYN0032,dialog,[합성 텍스트 32],[Synthetic 32],en,0.793,0.781,0.876,0,98,acceptable,2,0,0
SYN0032,dialog,[합성 텍스트 32],[Synthetic 32],ja,0.786,0.932,0.823,0,98,acceptable,2,1,0
SYN0032,dialog,[합성 텍스트 32],[Synthetic 32],zh,0.602,0.907,0.823,0,98,needs_review,2,2,3
SYN0033,dialog,[합성 텍스트 33],[Synthetic 33],en,0.737,0.835,1.0,0,94,acceptable,2,0,0
SYN0033,dialog,[합성 텍스트 33],[Synthetic 33],ja,0.958,0.807,0.863,0,94,excellent,2,1,1
SYN0033,dialog,[합성 텍스트 33],[Synthetic 33],zh,0.858,0.715,0.877,0,94,good,2,2,2
SYN0034,dialog,[합성 텍스트 34],[Synthetic 34],en,0.667,0.641,0.684,0,65,needs_review,2,0,3
SYN0034,dialog,[합성 텍스트 34],[Synthetic 34],ja,0.638,0.754,0.827,0,65,needs_review,2,1,3
SYN0034,dialog,[합성 텍스트 34],[Synthetic 34],zh,0.944,0.911,0.773,0,65,excellent,2,2,1
SYN0035,skill,[합성 텍스트 35],[Synthetic 35],en,0.672,0.819,0.9,1,58,needs_review,6,0,3
SYN0035,skill,[합성 텍스트 35],[Synthetic 35],ja,0.666,0.906,0.759,1,58,needs_review,6,1,3
SYN0035,skill,[합성 텍스트 35],[Synthetic 35],zh,0.701,1.0,0.868,1,58,acceptable,6,2,0
SYN0036,achievement,[합성 텍스트 36],[Synthetic 36],en,0.758,0.794,0.836,1,74,acceptable,1,0,0
SYN0036,achievement,[합성 텍스트 36],[Synthetic 36],ja,0.622,0.843,0.782,1,74,needs_review,1,1,3
SYN0036,achievement,[합성 텍스트 36],[Synthetic 36],zh,0.767,0.909,0.879,1,74,acceptable,1,2,0
SYN0037,UI,[합성 텍스트 37],[Synthetic 37],en,0.769,0.894,0.703,0,31,acceptable,0,0,0
SYN0037,UI,[합성 텍스트 37],[Synthetic 37],ja,0.766,0.601,0.73,0,31,acceptable,0,1,0
SYN0037,UI,[합성 텍스트 37],[Synthetic 37],zh,0.936,0.89,0.792,0,31,excellent,0,2,1
SYN0038,quest,[합성 텍스트 38],[Synthetic 38],en,0.696,1.0,0.885,0,16,needs_review,5,0,3
SYN0038,quest,[합성 텍스트 38],[Synthetic 38],ja,0.694,0.847,0.725,0,16,needs_review,5,1,3
SYN0038,quest,[합성 텍스트 38],[Synthetic 38],zh,0.72,0.81,0.843,0,16,acceptable,5,2,0
SYN0039,quest,[합성 텍스트 39],[Synthetic 39],en,0.817,0.731,0.922,0,24,good,5,0,2
SYN0039,quest,[합성 텍스트 39],[Synthetic 39],ja,0.913,0.703,0.779,0,24,excellent,5,1,1
SYN0039,quest,[합성 텍스트 39],[Synthetic 39],zh,0.884,0.781,0.962,0,24,good,5,2,2
SYN0040,achievement,[합성 텍스트 40],[Synthetic 40],en,0.763,0.826,0.975,0,42,acceptable,1,0,0
SYN0040,achievement,[합성 텍스트 40],[Synthetic 40],ja,0.714,0.706,0.814,0,42,acceptable,1,1,0
SYN0040,achievement,[합성 텍스트 40],[Synthetic 40],zh,0.795,0.643,0.901,0,42,acceptable,1,2,0
SYN0041,story,[합성 텍스트 41],[Synthetic 41],en,0.511,0.721,0.715,0,51,needs_review,7,0,3
SYN0041,story,[합성 텍스트 41],[Synthetic 41],ja,0.667,0.825,0.836,0,51,needs_review,7,1,3
SYN0041,story,[합성 텍스트 41],[Synthetic 41],zh,0.725,0.784,0.866,0,51,acceptable,7,2,0
SYN0042,quest,[합성 텍스트 42],[Synthetic 42],en,0.816,0.839,0.895,0,39,good,5,0,2
SYN0042,quest,[합성 텍스트 42],[Synthetic 42],ja,0.78,1.0,0.843,0,39,acceptable,5,1,0
SYN0042,quest,[합성 텍스트 42],[Synthetic 42],zh,0.719,0.725,0.767,0,39,acceptable,5,2,0
SYN0043,dialog,[합성 텍스트 43],[Synthetic 43],en,0.699,0.711,0.844,0,37,needs_review,2,0,3
SYN0043,dialog,[합성 텍스트 43],[Synthetic 43],ja,0.783,0.805,0.789,0,37,acceptable,2,1,0
SYN0043,dialog,[합성 텍스트 43],[Synthetic 43],zh,0.84,0.874,0.837,0,37,good,2,2,2
SYN0044,item,[합성 텍스트 44],[Synthetic 44],en,0.819,0.655,0.845,0,93,good,3,0,2
SYN0044,item,[합성 텍스트 44],[Synthetic 44],ja,0.826,0.71,0.865,0,93,good,3,1,2
SYN0044,item,[합성 텍스트 44],[Synthetic 44],zh,0.655,0.934,0.95,0,93,needs_review,3,2,3
SYN0045,notice,[합성 텍스트 45],[Synthetic 45],en,0.459,0.684,0.826,1,77,needs_review,4,0,3
SYN0045,notice,[합성 텍스트 45],[Synthetic 45],ja,0.593,0.871,1.0,1,77,needs_review,4,1,3
SYN0045,notice,[합성 텍스트 45],[Synthetic 45],zh,0.582,0.716,0.869,1,77,needs_review,4,2,3
SYN0046,dialog,[합성 텍스트 46],[Synthetic 46],en,0.725,0.982,0.718,1,97,acceptable,2,0,0
SYN0046,dialog,[합성 텍스트 46],[Synthetic 46],ja,0.572,0.758,0.808,1,97,needs_review,2,1,3
SYN0046,dialog,[합성 텍스트 46],[Synthetic 46],zh,0.781,0.824,0.708,1,97,acceptable,2,2,0
SYN0047,story,[합성 텍스트 47],[Synthetic 47],en,0.827,0.737,0.799,1,44,good,7,0,2
SYN0047,story,[합성 텍스트 47],[Synthetic 47],ja,0.754,0.876,0.886,1,44,acceptable,7,1,0
SYN0047,story,[합성 텍스트 47],[Synthetic 47],zh,0.531,0.854,0.767,1,44,needs_review,7,2,3
SYN0048,notice,[합성 텍스트 48],[Synthetic 48],en,0.745,0.719,0.747,1,69,acceptable,4,0,0
SYN0048,notice,[합성 텍스트 48],[Synthetic 48],ja,0.771,0.824,0.801,1,69,acceptable,4,1,0
SYN0048,notice,[합성 텍스트 48],[Synthetic 48],zh,0.845,0.756,0.853,1,69,good,4,2,2
SYN0049,notice,[합성 텍스트 49],[Synthetic 49],en,0.797,0.747,0.817,0,53,acceptable,4,0,0
SYN0049,notice,[합성 텍스트 49],[Synthetic 49],ja,0.886,0.696,0.657,0,53,good,4,1,2
SYN0049,notice,[합성 텍스트 49],[Synthetic 49],zh,0.911,1.0,0.818,0,53,excellent,4,2,1
SYN0050,quest,[합성 텍스트 50],[Synthetic 50],en,0.721,0.781,0.761,0,61,acceptable,5,0,0
SYN0050,quest,[합성 텍스트 50],[Synthetic 50],ja,0.808,0.852,0.73,0,61,good,5,1,2
SYN0050,quest,[합성 텍스트 50],[Synthetic 50],zh,0.82,1.0,0.864,0,61,good,5,2,2
SYN0051,achievement,[합성 텍스트 51],[Synthetic 51],en,0.812,0.627,0.863,0,43,good,1,0,2
SYN0051,achievement,[합성 텍스트 51],[Synthetic 51],ja,0.711,0.985,0.836,0,43,acceptable,1,1,0
SYN0051,achievement,[합성 텍스트 51],[Synthetic 51],zh,0.917,0.69,0.897,0,43,excellent,1,2,1
SYN0052,item,[합성 텍스트 52],[Synthetic 52],en,0.818,0.921,0.824,0,6,good,3,0,2
SYN0052,item,[합성 텍스트 52],[Synthetic 52],ja,0.631,0.798,0.778,0,6,needs_review,3,1,3
SYN0052,item,[합성 텍스트 52],[Synthetic 52],zh,0.766,0.792,0.714,0,6,acceptable,3,2,0
SYN0053,item,[합성 텍스트 53],[Synthetic 53],en,0.698,0.544,0.913,1,35,needs_review,3,0,3
SYN0053,item,[합성 텍스트 53],[Synthetic 53],ja,0.777,0.729,0.745,1,35,acceptable,3,1,0
SYN0053,item,[합성 텍스트 53],[Synthetic 53],zh,0.834,0.835,1.0,1,35,good,3,2,2
SYN0054,UI,[합성 텍스트 54],[Synthetic 54],en,0.733,0.882,0.9,1,58,acceptable,0,0,0
SYN0054,UI,[합성 텍스트 54],[Synthetic 54],ja,0.875,0.748,0.815,1,58,good,0,1,2
SYN0054,UI,[합성 텍스트 54],[Synthetic 54],zh,0.702,0.879,0.97,1,58,acceptable,0,2,0
SYN0055,dialog,[합성 텍스트 55],[Synthetic 55],en,0.731,0.775,0.926,1,67,acceptable,2,0,0
SYN0055,dialog,[합성 텍스트 55],[Synthetic 55],ja,0.475,0.717,0.787,1,67,needs_review,2,1,3
SYN0055,dialog,[합성 텍스트 55],[Synthetic 55],zh,0.468,0.704,0.777,1,67,needs_review,2,2,3
SYN0056,skill,[합성 텍스트 56],[Synthetic 56],en,0.725,0.697,0.845,0,54,acceptable,6,0,0
SYN0056,skill,[합성 텍스트 56],[Synthetic 56],ja,0.855,0.702,0.777,0,54,good,6,1,2
SYN0056,skill,[합성 텍스트 56],[Synthetic 56],zh,0.806,0.778,0.902,0,54,good,6,2,2
SYN0057,story,[합성 텍스트 57],[Synthetic 57],en,0.646,0.799,0.833,0,5,needs_review,7,0,3
SYN0057,story,[합성 텍스트 57],[Synthetic 57],ja,0.628,0.644,0.905,0,5,needs_review,7,1,3
SYN0057,story,[합성 텍스트 57],[Synthetic 57],zh,0.715,0.698,0.842,0,5,acceptable,7,2,0
SYN0058,story,[합성 텍스트 58],[Synthetic 58],en,0.6,0.708,0.967,0,35,needs_review,7,0,3
SYN0058,story,[합성 텍스트 58],[Synthetic 58],ja,0.778,0.877,0.759,0,35,acceptable,7,1,0
SYN0058,story,[합성 텍스트 58],[Synthetic 58],zh,0.638,0.845,0.855,0,35,needs_review,7,2,3
SYN0059,item,[합성 텍스트 59],[Synthetic 59],en,0.828,0.816,0.912,0,9,good,3,0,2
SYN0059,item,[합성 텍스트 59],[Synthetic 59],ja,0.881,0.638,0.67,0,9,good,3,1,2
SYN0059,item,[합성 텍스트 59],[Synthetic 59],zh,0.9,0.919,0.768,0,9,excellent,3,2,1
SYN0060,quest,[합성 텍스트 60],[Synthetic 60],en,0.843,0.98,0.891,0,85,good,5,0,2
SYN0060,quest,[합성 텍스트 60],[Synthetic 60],ja,0.713,0.711,0.851,0,85,acceptable,5,1,0
SYN0060,quest,[합성 텍스트 60],[Synthetic 60],zh,0.72,0.698,1.0,0,85,acceptable,5,2,0
SYN0061,notice,[합성 텍스트 61],[Synthetic 61],en,0.658,0.886,0.901,0,98,needs_review,4,0,3
SYN0061,notice,[합성 텍스트 61],[Synthetic 61],ja,0.794,0.925,0.901,0,98,acceptable,4,1,0
SYN0061,notice,[합성 텍스트 61],[Synthetic 61],zh,0.824,0.864,0.877,0,98,good,4,2,2
SYN0062,quest,[합성 텍스트 62],[Synthetic 62],en,0.694,0.672,0.985,0,37,needs_review,5,0,3
SYN0062,quest,[합성 텍스트 62],[Synthetic 62],ja,0.923,0.936,0.87,0,37,excellent,5,1,1
SYN0062,quest,[합성 텍스트 62],[Synthetic 62],zh,0.885,0.801,0.866,0,37,good,5,2,2
SYN0063,quest,[합성 텍스트 63],[Synthetic 63],en,0.756,0.67,0.846,0,70,acceptable,5,0,0
SYN0063,quest,[합성 텍스트 63],[Synthetic 63],ja,0.742,0.98,0.922,0,70,acceptable,5,1,0
SYN0063,quest,[합성 텍스트 63],[Synthetic 63],zh,0.751,0.825,0.854,0,70,acceptable,5,2,0
SYN0064,dialog,[합성 텍스트 64],[Synthetic 64],en,0.735,0.725,0.75,0,55,acceptable,2,0,0
SYN0064,dialog,[합성 텍스트 64],[Synthetic 64],ja,0.801,0.839,0.707,0,55,good,2,1,2
SYN0064,dialog,[합성 텍스트 64],[Synthetic 64],zh,0.738,0.9,0.935,0,55,acceptable,2,2,0
SYN0065,achievement,[합성 텍스트 65],[Synthetic 65],en,0.665,0.692,0.878,0,88,needs_review,1,0,3
SYN0065,achievement,[합성 텍스트 65],[Synthetic 65],ja,0.788,0.929,0.938,0,88,acceptable,1,1,0
SYN0065,achievement,[합성 텍스트 65],[Synthetic 65],zh,0.737,0.676,0.824,0,88,acceptable,1,2,0
SYN0066,notice,[합성 텍스트 66],[Synthetic 66],en,0.692,0.825,0.81,0,53,needs_review,4,0,3
SYN0066,notice,[합성 텍스트 66],[Synthetic 66],ja,0.687,0.831,0.818,0,53,needs_review,4,1,3
SYN0066,notice,[합성 텍스트 66],[Synthetic 66],zh,0.774,0.827,0.759,0,53,acceptable,4,2,0
SYN0067,skill,[합성 텍스트 67],[Synthetic 67],en,0.634,0.588,0.701,0,21,needs_review,6,0,3
SYN0067,skill,[합성 텍스트 67],[Synthetic 67],ja,0.753,0.803,0.841,0,21,acceptable,6,1,0
SYN0067,skill,[합성 텍스트 67],[Synthetic 67],zh,0.871,0.533,0.882,0,21,good,6,2,2
SYN0068,notice,[합성 텍스트 68],[Synthetic 68],en,0.712,0.725,0.778,0,59,acceptable,4,0,0
SYN0068,notice,[합성 텍스트 68],[Synthetic 68],ja,0.717,0.943,0.997,0,59,acceptable,4,1,0
SYN0068,notice,[합성 텍스트 68],[Synthetic 68],zh,0.716,0.991,0.853,0,59,acceptable,4,2,0
SYN0069,achievement,[합성 텍스트 69],[Synthetic 69],en,0.713,0.837,1.0,1,73,acceptable,1,0,0
SYN0069,achievement,[합성 텍스트 69],[Synthetic 69],ja,0.785,0.729,0.928,1,73,acceptable,1,1,0
SYN0069,achievement,[합성 텍스트 69],[Synthetic 69],zh,0.664,0.751,0.923,1,73,needs_review,1,2,3
SYN0070,skill,[합성 텍스트 70],[Synthetic 70],en,0.751,0.834,0.884,0,40,acceptable,6,0,0
SYN0070,skill,[합성 텍스트 70],[Synthetic 70],ja,0.556,0.867,0.771,0,40,needs_review,6,1,3
SYN0070,skill,[합성 텍스트 70],[Synthetic 70],zh,0.606,0.794,0.857,0,40,needs_review,6,2,3
SYN0071,skill,[합성 텍스트 71],[Synthetic 71],en,0.616,0.759,0.803,0,31,needs_review,6,0,3
SYN0071,skill,[합성 텍스트 71],[Synthetic 71],ja,0.745,0.828,0.769,0,31,acceptable,6,1,0
SYN0071,skill,[합성 텍스트 71],[Synthetic 71],zh,0.822,0.806,0.699,0,31,good,6,2,2
SYN0072,notice,[합성 텍스트 72],[Synthetic 72],en,0.728,0.79,0.848,0,15,acceptable,4,0,0
SYN0072,notice,[합성 텍스트 72],[Synthetic 72],ja,0.773,0.895,0.761,0,15,acceptable,4,1,0
SYN0072,notice,[합성 텍스트 72],[Synthetic 72],zh,0.633,0.691,0.873,0,15,needs_review,4,2,3
SYN0073,notice,[합성 텍스트 73],[Synthetic 73],en,0.5,0.63,0.783,0,33,needs_review,4,0,3
SYN0073,notice,[합성 텍스트 73],[Synthetic 73],ja,0.694,0.759,0.853,0,33,needs_review,4,1,3
SYN0073,notice,[합성 텍스트 73],[Synthetic 73],zh,0.719,0.905,0.796,0,33,acceptable,4,2,0
SYN0074,item,[합성 텍스트 74],[Synthetic 74],en,0.646,0.839,0.858,0,74,needs_review,3,0,3
SYN0074,item,[합성 텍스트 74],[Synthetic 74],ja,0.785,0.959,0.8,0,74,acceptable,3,1,0
SYN0074,item,[합성 텍스트 74],[Synthetic 74],zh,1.0,0.777,0.748,0,74,excellent,3,2,1
SYN0075,dialog,[합성 텍스트 75],[Synthetic 75],en,0.625,0.84,0.894,1,30,needs_review,2,0,3
SYN0075,dialog,[합성 텍스트 75],[Synthetic 75],ja,0.638,0.899,0.943,1,30,needs_review,2,1,3
SYN0075,dialog,[합성 텍스트 75],[Synthetic 75],zh,0.844,0.853,0.959,1,30,good,2,2,2
SYN0076,skill,[합성 텍스트 76],[Synthetic 76],en,0.663,0.812,0.804,0,28,needs_review,6,0,3
SYN0076,skill,[합성 텍스트 76],[Synthetic 76],ja,0.733,0.988,0.836,0,28,acceptable,6,1,0
SYN0076,skill,[합성 텍스트 76],[Synthetic 76],zh,0.791,0.777,0.856,0,28,acceptable,6,2,0
SYN0077,skill,[합성 텍스트 77],[Synthetic 77],en,0.817,0.965,0.875,1,16,good,6,0,2
SYN0077,skill,[합성 텍스트 77],[Synthetic 77],ja,0.759,0.685,0.843,1,16,acceptable,6,1,0
SYN0077,skill,[합성 텍스트 77],[Synthetic 77],zh,0.794,0.887,0.867,1,16,acceptable,6,2,0
SYN0078,UI,[합성 텍스트 78],[Synthetic 78],en,0.92,0.829,0.822,0,35,excellent,0,0,1
SYN0078,UI,[합성 텍스트 78],[Synthetic 78],ja,0.834,0.507,0.881,0,35,good,0,1,2
SYN0078,UI,[합성 텍스트 78],[Synthetic 78],zh,0.435,0.628,0.886,0,35,needs_review,0,2,3
SYN0079,achievement,[합성 텍스트 79],[Synthetic 79],en,0.679,0.937,0.811,0,92,needs_review,1,0,3
SYN0079,achievement,[합성 텍스트 79],[Synthetic 79],ja,0.974,0.8,0.883,0,92,excellent,1,1,1
SYN0079,achievement,[합성 텍스트 79],[Synthetic 79],zh,0.912,0.813,0.77,0,92,excellent,1,2,1
SYN0080,skill,[합성 텍스트 80],[Synthetic 80],en,0.614,0.774,0.791,0,65,needs_review,6,0,3
SYN0080,skill,[합성 텍스트 80],[Synthetic 80],ja,0.842,0.803,0.827,0,65,good,6,1,2
SYN0080,skill,[합성 텍스트 80],[Synthetic 80],zh,0.739,0.822,0.899,0,65,acceptable,6,2,0
SYN0081,quest,[합성 텍스트 81],[Synthetic 81],en,0.81,0.759,0.737,1,35,good,5,0,2
SYN0081,quest,[합성 텍스트 81],[Synthetic 81],ja,0.744,0.846,0.728,1,35,acceptable,5,1,0
SYN0081,quest,[합성 텍스트 81],[Synthetic 81],zh,0.723,0.874,0.88,1,35,acceptable,5,2,0
SYN0082,item,[합성 텍스트 82],[Synthetic 82],en,0.833,0.77,0.811,0,8,good,3,0,2
SYN0082,item,[합성 텍스트 82],[Synthetic 82],ja,0.887,0.948,0.994,0,8,good,3,1,2
SYN0082,item,[합성 텍스트 82],[Synthetic 82],zh,0.931,0.789,0.878,0,8,excellent,3,2,1
SYN0083,story,[합성 텍스트 83],[Synthetic 83],en,0.763,0.882,0.845,0,73,acceptable,7,0,0
SYN0083,story,[합성 텍스트 83],[Synthetic 83],ja,0.677,0.759,0.901,0,73,needs_review,7,1,3
SYN0083,story,[합성 텍스트 83],[Synthetic 83],zh,0.75,0.834,0.904,0,73,acceptable,7,2,0
SYN0084,story,[합성 텍스트 84],[Synthetic 84],en,0.788,0.677,0.965,0,67,acceptable,7,0,0
SYN0084,story,[합성 텍스트 84],[Synthetic 84],ja,0.7,0.634,0.766,0,67,acceptable,7,1,0
SYN0084,story,[합성 텍스트 84],[Synthetic 84],zh,0.648,0.805,0.828,0,67,needs_review,7,2,3
SYN0085,achievement,[합성 텍스트 85],[Synthetic 85],en,0.784,0.832,0.883,0,18,acceptable,1,0,0
SYN0085,achievement,[합성 텍스트 85],[Synthetic 85],ja,0.812,0.589,0.821,0,18,good,1,1,2
SYN0085,achievement,[합성 텍스트 85],[Synthetic 85],zh,0.532,0.804,0.85,0,18,needs_review,1,2,3
SYN0086,UI,[합성 텍스트 86],[Synthetic 86],en,0.77,0.75,0.889,1,35,acceptable,0,0,0
SYN0086,UI,[합성 텍스트 86],[Synthetic 86],ja,0.697,0.8,0.929,1,35,needs_review,0,1,3
SYN0086,UI,[합성 텍스트 86],[Synthetic 86],zh,0.694,0.881,0.904,1,35,needs_review,0,2,3
SYN0087,skill,[합성 텍스트 87],[Synthetic 87],en,0.82,0.81,0.789,0,35,good,6,0,2
SYN0087,skill,[합성 텍스트 87],[Synthetic 87],ja,0.664,0.746,0.893,0,35,needs_review,6,1,3
SYN0087,skill,[합성 텍스트 87],[Synthetic 87],zh,0.654,0.844,0.751,0,35,needs_review,6,2,3
SYN0088,notice,[합성 텍스트 88],[Synthetic 88],en,0.945,0.662,0.968,1,77,excellent,4,0,1
SYN0088,notice,[합성 텍스트 88],[Synthetic 88],ja,0.715,0.841,0.859,1,77,acceptable,4,1,0
SYN0088,notice,[합성 텍스트 88],[Synthetic 88],zh,0.744,0.785,0.966,1,77,acceptable,4,2,0
SYN0089,quest,[합성 텍스트 89],[Synthetic 89],en,0.636,0.794,0.764,1,82,needs_review,5,0,3
SYN0089,quest,[합성 텍스트 89],[Synthetic 89],ja,0.746,0.945,0.844,1,82,acceptable,5,1,0
SYN0089,quest,[합성 텍스트 89],[Synthetic 89],zh,0.68,0.689,0.832,1,82,needs_review,5,2,3
SYN0090,dialog,[합성 텍스트 90],[Synthetic 90],en,0.773,0.932,1.0,0,99,acceptable,2,0,0
SYN0090,dialog,[합성 텍스트 90],[Synthetic 90],ja,0.691,0.944,0.87,0,99,needs_review,2,1,3
SYN0090,dialog,[합성 텍스트 90],[Synthetic 90],zh,0.735,0.843,0.855,0,99,acceptable,2,2,0
SYN0091,dialog,[합성 텍스트 91],[Synthetic 91],en,0.61,0.646,0.902,0,89,needs_review,2,0,3
SYN0091,dialog,[합성 텍스트 91],[Synthetic 91],ja,0.722,0.74,0.851,0,89,acceptable,2,1,0
SYN0091,dialog,[합성 텍스트 91],[Synthetic 91],zh,0.829,0.818,0.798,0,89,good,2,2,2
SYN0092,UI,[합성 텍스트 92],[Synthetic 92],en,0.958,0.849,0.928,0,99,excellent,0,0,1
SYN0092,UI,[합성 텍스트 92],[Synthetic 92],ja,0.924,0.913,0.899,0,99,excellent,0,1,1
SYN0092,UI,[합성 텍스트 92],[Synthetic 92],zh,0.86,0.852,0.762,0,99,good,0,2,2
SYN0093,skill,[합성 텍스트 93],[Synthetic 93],en,0.621,0.93,0.917,1,79,needs_review,6,0,3
SYN0093,skill,[합성 텍스트 93],[Synthetic 93],ja,0.849,0.773,0.758,1,79,good,6,1,2
SYN0093,skill,[합성 텍스트 93],[Synthetic 93],zh,0.676,0.81,0.856,1,79,needs_review,6,2,3
SYN0094,notice,[합성 텍스트 94],[Synthetic 94],en,0.785,0.701,0.886,0,14,acceptable,4,0,0
SYN0094,notice,[합성 텍스트 94],[Synthetic 94],ja,0.75,0.725,0.831,0,14,acceptable,4,1,0
SYN0094,notice,[합성 텍스트 94],[Synthetic 94],zh,0.732,0.773,0.992,0,14,acceptable,4,2,0
SYN0095,skill,[합성 텍스트 95],[Synthetic 95],en,0.54,0.711,0.829,0,20,needs_review,6,0,3
SYN0095,skill,[합성 텍스트 95],[Synthetic 95],ja,0.681,0.938,0.837,0,20,needs_review,6,1,3
SYN0095,skill,[합성 텍스트 95],[Synthetic 95],zh,0.879,0.806,0.853,0,20,good,6,2,2
SYN0096,story,[합성 텍스트 96],[Synthetic 96],en,0.872,0.568,0.69,1,52,good,7,0,2
SYN0096,story,[합성 텍스트 96],[Synthetic 96],ja,0.646,0.801,0.905,1,52,needs_review,7,1,3
SYN0096,story,[합성 텍스트 96],[Synthetic 96],zh,0.747,0.762,0.932,1,52,acceptable,7,2,0
SYN0097,UI,[합성 텍스트 97],[Synthetic 97],en,0.896,0.827,0.805,0,83,good,0,0,2
SYN0097,UI,[합성 텍스트 97],[Synthetic 97],ja,0.87,0.811,0.85,0,83,good,0,1,2
SYN0097,UI,[합성 텍스트 97],[Synthetic 97],zh,0.947,0.555,0.737,0,83,excellent,0,2,1
SYN0098,item,[합성 텍스트 98],[Synthetic 98],en,0.775,0.649,0.771,0,25,acceptable,3,0,0
SYN0098,item,[합성 텍스트 98],[Synthetic 98],ja,0.714,1.0,0.994,0,25,acceptable,3,1,0
SYN0098,item,[합성 텍스트 98],[Synthetic 98],zh,0.759,0.764,0.758,0,25,acceptable,3,2,0
SYN0099,skill,[합성 텍스트 99],[Synthetic 99],en,0.65,0.792,0.722,0,51,needs_review,6,0,3
SYN0099,skill,[합성 텍스트 99],[Synthetic 99],ja,0.674,0.815,0.879,0,51,needs_review,6,1,3
SYN0099,skill,[합성 텍스트 99],[Synthetic 99],zh,0.792,0.668,0.918,0,51,acceptable,6,2,0
SYN0100,quest,[합성 텍스트 100],[Synthetic 100],en,0.749,0.662,0.825,0,69,acceptable,5,0,0
SYN0100,quest,[합성 텍스트 100],[Synthetic 100],ja,0.787,0.861,0.839,0,69,acceptable,5,1,0
SYN0100,quest,[합성 텍스트 100],[Synthetic 100],zh,0.903,0.901,0.829,0,69,excellent,5,2,1
SYN0101,dialog,[합성 텍스트 101],[Synthetic 101],en,0.946,0.677,0.776,0,10,excellent,2,0,1
SYN0101,dialog,[합성 텍스트 101],[Synthetic 101],ja,0.898,0.694,0.744,0,10,good,2,1,2
SYN0101,dialog,[합성 텍스트 101],[Synthetic 101],zh,0.701,0.842,0.842,0,10,acceptable,2,2,0
SYN0102,quest,[합성 텍스트 102],[Synthetic 102],en,0.679,0.712,1.0,0,86,needs_review,5,0,3
SYN0102,quest,[합성 텍스트 102],[Synthetic 102],ja,0.78,0.889,0.811,0,86,acceptable,5,1,0
SYN0102,quest,[합성 텍스트 102],[Synthetic 102],zh,0.731,0.729,0.638,0,86,acceptable,5,2,0
SYN0103,achievement,[합성 텍스트 103],[Synthetic 103],en,0.525,0.68,0.956,0,15,needs_review,1,0,3
SYN0103,achievement,[합성 텍스트 103],[Synthetic 103],ja,0.746,0.929,0.883,0,15,acceptable,1,1,0
SYN0103,achievement,[합성 텍스트 103],[Synthetic 103],zh,0.828,0.71,0.892,0,15,good,1,2,2
SYN0104,UI,[합성 텍스트 104],[Synthetic 104],en,0.806,0.857,0.806,1,35,good,0,0,2
SYN0104,UI,[합성 텍스트 104],[Synthetic 104],ja,0.638,0.682,0.857,1,35,needs_review,0,1,3
SYN0104,UI,[합성 텍스트 104],[Synthetic 104],zh,0.783,0.721,0.852,1,35,acceptable,0,2,0
SYN0105,quest,[합성 텍스트 105],[Synthetic 105],en,0.905,0.928,0.77,0,35,excellent,5,0,1
SYN0105,quest,[합성 텍스트 105],[Synthetic 105],ja,0.918,0.747,0.934,0,35,excellent,5,1,1
SYN0105,quest,[합성 텍스트 105],[Synthetic 105],zh,0.757,0.759,0.705,0,35,acceptable,5,2,0
SYN0106,quest,[합성 텍스트 106],[Synthetic 106],en,0.847,0.952,0.786,0,42,good,5,0,2
SYN0106,quest,[합성 텍스트 106],[Synthetic 106],ja,0.78,0.727,0.8,0,42,acceptable,5,1,0
SYN0106,quest,[합성 텍스트 106],[Synthetic 106],zh,0.827,0.796,0.989,0,42,good,5,2,2
SYN0107,skill,[합성 텍스트 107],[Synthetic 107],en,0.71,0.88,0.814,1,20,acceptable,6,0,0
SYN0107,skill,[합성 텍스트 107],[Synthetic 107],ja,0.695,0.788,0.783,1,20,needs_review,6,1,3
SYN0107,skill,[합성 텍스트 107],[Synthetic 107],zh,0.766,0.865,0.897,1,20,acceptable,6,2,0
SYN0108,notice,[합성 텍스트 108],[Synthetic 108],en,0.663,0.837,0.8,1,9,needs_review,4,0,3
SYN0108,notice,[합성 텍스트 108],[Synthetic 108],ja,0.702,0.74,0.98,1,9,acceptable,4,1,0
SYN0108,notice,[합성 텍스트 108],[Synthetic 108],zh,0.736,0.778,0.945,1,9,acceptable,4,2,0
SYN0109,story,[합성 텍스트 109],[Synthetic 109],en,0.83,0.806,0.87,0,85,good,7,0,2
SYN0109,story,[합성 텍스트 109],[Synthetic 109],ja,0.617,0.798,1.0,0,85,needs_review,7,1,3
SYN0109,story,[합성 텍스트 109],[Synthetic 109],zh,0.832,0.817,0.815,0,85,good,7,2,2
SYN0110,dialog,[합성 텍스트 110],[Synthetic 110],en,0.776,0.885,0.724,0,78,acceptable,2,0,0
SYN0110,dialog,[합성 텍스트 110],[Synthetic 110],ja,0.684,0.684,0.773,0,78,needs_review,2,1,3
SYN0110,dialog,[합성 텍스트 110],[Synthetic 110],zh,0.755,0.592,0.899,0,78,acceptable,2,2,0
SYN0111,item,[합성 텍스트 111],[Synthetic 111],en,0.552,0.7,0.949,0,50,needs_review,3,0,3
SYN0111,item,[합성 텍스트 111],[Synthetic 111],ja,0.522,0.765,0.756,0,50,needs_review,3,1,3
SYN0111,item,[합성 텍스트 111],[Synthetic 111],zh,0.88,0.732,0.882,0,50,good,3,2,2
SYN0112,quest,[합성 텍스트 112],[Synthetic 112],en,0.68,0.838,0.731,1,33,needs_review,5,0,3
SYN0112,quest,[합성 텍스트 112],[Synthetic 112],ja,0.819,0.724,0.805,1,33,good,5,1,2
SYN0112,quest,[합성 텍스트 112],[Synthetic 112],zh,0.698,0.644,0.868,1,33,needs_review,5,2,3
SYN0113,item,[합성 텍스트 113],[Synthetic 113],en,0.641,0.788,0.909,0,48,needs_review,3,0,3
SYN0113,item,[합성 텍스트 113],[Synthetic 113],ja,0.612,0.693,0.92,0,48,needs_review,3,1,3
SYN0113,item,[합성 텍스트 113],[Synthetic 113],zh,0.827,0.841,0.999,0,48,good,3,2,2
SYN0114,story,[합성 텍스트 114],[Synthetic 114],en,1.0,0.779,0.786,0,12,excellent,7,0,1
SYN0114,story,[합성 텍스트 114],[Synthetic 114],ja,0.793,0.844,0.808,0,12,acceptable,7,1,0
SYN0114,story,[합성 텍스트 114],[Synthetic 114],zh,0.647,1.0,0.876,0,12,needs_review,7,2,3
SYN0115,story,[합성 텍스트 115],[Synthetic 115],en,0.739,0.775,0.895,0,72,acceptable,7,0,0
SYN0115,story,[합성 텍스트 115],[Synthetic 115],ja,0.621,0.835,1.0,0,72,needs_review,7,1,3
SYN0115,story,[합성 텍스트 115],[Synthetic 115],zh,0.797,0.762,0.809,0,72,acceptable,7,2,0
SYN0116,achievement,[합성 텍스트 116],[Synthetic 116],en,0.712,0.892,0.711,0,58,acceptable,1,0,0
SYN0116,achievement,[합성 텍스트 116],[Synthetic 116],ja,0.836,0.762,0.88,0,58,good,1,1,2
SYN0116,achievement,[합성 텍스트 116],[Synthetic 116],zh,0.637,0.933,0.95,0,58,needs_review,1,2,3
SYN0117,story,[합성 텍스트 117],[Synthetic 117],en,0.783,0.84,0.722,1,72,acceptable,7,0,0
SYN0117,story,[합성 텍스트 117],[Synthetic 117],ja,0.698,0.836,0.894,1,72,needs_review,7,1,3
SYN0117,story,[합성 텍스트 117],[Synthetic 117],zh,0.718,0.829,0.968,1,72,acceptable,7,2,0
SYN0118,dialog,[합성 텍스트 118],[Synthetic 118],en,0.718,0.784,0.71,0,71,acceptable,2,0,0
SYN0118,dialog,[합성 텍스트 118],[Synthetic 118],ja,0.759,0.925,0.763,0,71,acceptable,2,1,0
SYN0118,dialog,[합성 텍스트 118],[Synthetic 118],zh,0.784,0.708,0.796,0,71,acceptable,2,2,0
SYN0119,achievement,[합성 텍스트 119],[Synthetic 119],en,0.796,0.613,0.999,0,63,acceptable,1,0,0
SYN0119,achievement,[합성 텍스트 119],[Synthetic 119],ja,0.81,0.782,0.896,0,63,good,1,1,2
SYN0119,achievement,[합성 텍스트 119],[Synthetic 119],zh,0.609,0.918,0.824,0,63,needs_review,1,2,3
SYN0120,skill,[합성 텍스트 120],[Synthetic 120],en,0.692,0.869,0.87,0,19,needs_review,6,0,3
SYN0120,skill,[합성 텍스트 120],[Synthetic 120],ja,0.815,0.799,0.891,0,19,good,6,1,2
SYN0120,skill,[합성 텍스트 120],[Synthetic 120],zh,0.708,1.0,0.725,0,19,acceptable,6,2,0
SYN0121,item,[합성 텍스트 121],[Synthetic 121],en,0.715,1.0,0.93,0,95,acceptable,3,0,0
SYN0121,item,[합성 텍스트 121],[Synthetic 121],ja,0.897,0.803,0.833,0,95,good,3,1,2
SYN0121,item,[합성 텍스트 121],[Synthetic 121],zh,0.779,0.839,0.962,0,95,acceptable,3,2,0
SYN0122,story,[합성 텍스트 122],[Synthetic 122],en,0.832,0.892,0.902,0,67,good,7,0,2
SYN0122,story,[합성 텍스트 122],[Synthetic 122],ja,0.825,0.773,0.776,0,67,good,7,1,2
SYN0122,story,[합성 텍스트 122],[Synthetic 122],zh,0.663,0.636,0.869,0,67,needs_review,7,2,3
SYN0123,UI,[합성 텍스트 123],[Synthetic 123],en,0.504,0.675,0.94,0,53,needs_review,0,0,3
SYN0123,UI,[합성 텍스트 123],[Synthetic 123],ja,0.734,0.836,0.739,0,53,acceptable,0,1,0
SYN0123,UI,[합성 텍스트 123],[Synthetic 123],zh,0.944,0.786,0.873,0,53,excellent,0,2,1
SYN0124,item,[합성 텍스트 124],[Synthetic 124],en,0.769,0.741,0.824,0,98,acceptable,3,0,0
SYN0124,item,[합성 텍스트 124],[Synthetic 124],ja,0.851,0.789,0.818,0,98,good,3,1,2
SYN0124,item,[합성 텍스트 124],[Synthetic 124],zh,0.947,0.789,1.0,0,98,excellent,3,2,1
SYN0125,achievement,[합성 텍스트 125],[Synthetic 125],en,0.786,0.896,0.792,0,64,acceptable,1,0,0
SYN0125,achievement,[합성 텍스트 125],[Synthetic 125],ja,0.665,0.846,0.929,0,64,needs_review,1,1,3
SYN0125,achievement,[합성 텍스트 125],[Synthetic 125],zh,0.754,0.671,0.741,0,64,acceptable,1,2,0
SYN0126,item,[합성 텍스트 126],[Synthetic 126],en,0.761,0.913,0.849,1,25,acceptable,3,0,0
SYN0126,item,[합성 텍스트 126],[Synthetic 126],ja,0.524,0.781,0.837,1,25,needs_review,3,1,3
SYN0126,item,[합성 텍스트 126],[Synthetic 126],zh,0.96,0.654,0.819,1,25,excellent,3,2,1
SYN0127,skill,[합성 텍스트 127],[Synthetic 127],en,0.806,0.811,0.876,0,23,good,6,0,2
SYN0127,skill,[합성 텍스트 127],[Synthetic 127],ja,0.828,0.719,0.92,0,23,good,6,1,2
SYN0127,skill,[합성 텍스트 127],[Synthetic 127],zh,0.613,0.833,0.864,0,23,needs_review,6,2,3
SYN0128,story,[합성 텍스트 128],[Synthetic 128],en,0.688,0.693,0.822,0,34,needs_review,7,0,3
SYN0128,story,[합성 텍스트 128],[Synthetic 128],ja,0.64,0.832,0.758,0,34,needs_review,7,1,3
SYN0128,story,[합성 텍스트 128],[Synthetic 128],zh,0.821,0.682,0.805,0,34,good,7,2,2
SYN0129,skill,[합성 텍스트 129],[Synthetic 129],en,0.783,0.779,0.89,0,27,acceptable,6,0,0
SYN0129,skill,[합성 텍스트 129],[Synthetic 129],ja,0.539,0.796,1.0,0,27,needs_review,6,1,3
SYN0129,skill,[합성 텍스트 129],[Synthetic 129],zh,0.763,0.807,0.894,0,27,acceptable,6,2,0
SYN0130,quest,[합성 텍스트 130],[Synthetic 130],en,0.582,0.821,0.793,0,33,needs_review,5,0,3
SYN0130,quest,[합성 텍스트 130],[Synthetic 130],ja,0.881,0.768,0.695,0,33,good,5,1,2
SYN0130,quest,[합성 텍스트 130],[Synthetic 130],zh,0.623,0.525,0.831,0,33,needs_review,5,2,3
SYN0131,achievement,[합성 텍스트 131],[Synthetic 131],en,0.808,0.92,0.836,1,91,good,1,0,2
SYN0131,achievement,[합성 텍스트 131],[Synthetic 131],ja,0.487,0.862,0.894,1,91,needs_review,1,1,3
SYN0131,achievement,[합성 텍스트 131],[Synthetic 131],zh,0.731,0.898,0.757,1,91,acceptable,1,2,0
SYN0132,notice,[합성 텍스트 132],[Synthetic 132],en,0.825,0.631,0.776,0,15,good,4,0,2
SYN0132,notice,[합성 텍스트 132],[Synthetic 132],ja,0.902,0.774,0.917,0,15,excellent,4,1,1
SYN0132,notice,[합성 텍스트 132],[Synthetic 132],zh,0.774,0.79,0.959,0,15,acceptable,4,2,0
SYN0133,quest,[합성 텍스트 133],[Synthetic 133],en,0.67,0.855,0.882,0,94,needs_review,5,0,3
SYN0133,quest,[합성 텍스트 133],[Synthetic 133],ja,0.593,0.728,0.803,0,94,needs_review,5,1,3
SYN0133,quest,[합성 텍스트 133],[Synthetic 133],zh,0.713,0.662,0.8,0,94,acceptable,5,2,0
SYN0134,quest,[합성 텍스트 134],[Synthetic 134],en,0.831,0.785,0.819,0,23,good,5,0,2
SYN0134,quest,[합성 텍스트 134],[Synthetic 134],ja,0.764,0.718,0.758,0,23,acceptable,5,1,0
SYN0134,quest,[합성 텍스트 134],[Synthetic 134],zh,0.656,0.737,0.757,0,23,needs_review,5,2,3
SYN0135,item,[합성 텍스트 135],[Synthetic 135],en,0.641,0.803,0.832,0,30,needs_review,3,0,3
SYN0135,item,[합성 텍스트 135],[Synthetic 135],ja,0.834,0.799,0.734,0,30,good,3,1,2
SYN0135,item,[합성 텍스트 135],[Synthetic 135],zh,0.674,0.803,0.932,0,30,needs_review,3,2,3
SYN0136,skill,[합성 텍스트 136],[Synthetic 136],en,0.869,0.785,0.894,0,99,good,6,0,2
SYN0136,skill,[합성 텍스트 136],[Synthetic 136],ja,0.68,0.788,0.72,0,99,needs_review,6,1,3
SYN0136,skill,[합성 텍스트 136],[Synthetic 136],zh,0.516,0.894,0.771,0,99,needs_review,6,2,3
SYN0137,item,[합성 텍스트 137],[Synthetic 137],en,0.659,0.783,0.792,0,43,needs_review,3,0,3
SYN0137,item,[합성 텍스트 137],[Synthetic 137],ja,0.838,0.845,0.876,0,43,good,3,1,2
SYN0137,item,[합성 텍스트 137],[Synthetic 137],zh,0.824,0.958,0.765,0,43,good,3,2,2
SYN0138,UI,[합성 텍스트 138],[Synthetic 138],en,0.926,0.658,0.825,0,76,excellent,0,0,1
SYN0138,UI,[합성 텍스트 138],[Synthetic 138],ja,0.936,0.851,0.866,0,76,excellent,0,1,1
SYN0138,UI,[합성 텍스트 138],[Synthetic 138],zh,0.778,0.762,0.873,0,76,acceptable,0,2,0
SYN0139,item,[합성 텍스트 139],[Synthetic 139],en,0.808,0.732,0.893,0,31,good,3,0,2
SYN0139,item,[합성 텍스트 139],[Synthetic 139],ja,1.0,0.622,0.876,0,31,excellent,3,1,1
SYN0139,item,[합성 텍스트 139],[Synthetic 139],zh,0.724,0.858,0.854,0,31,acceptable,3,2,0
SYN0140,dialog,[합성 텍스트 140],[Synthetic 140],en,0.769,0.913,0.662,0,79,acceptable,2,0,0
SYN0140,dialog,[합성 텍스트 140],[Synthetic 140],ja,0.909,0.838,0.936,0,79,excellent,2,1,1
SYN0140,dialog,[합성 텍스트 140],[Synthetic 140],zh,0.628,0.717,0.862,0,79,needs_review,2,2,3
SYN0141,item,[합성 텍스트 141],[Synthetic 141],en,0.858,0.623,0.928,1,17,good,3,0,2
SYN0141,item,[합성 텍스트 141],[Synthetic 141],ja,0.751,0.78,0.732,1,17,acceptable,3,1,0
SYN0141,item,[합성 텍스트 141],[Synthetic 141],zh,0.8,0.559,0.902,1,17,good,3,2,2
SYN0142,notice,[합성 텍스트 142],[Synthetic 142],en,0.738,0.917,0.836,0,27,acceptable,4,0,0
SYN0142,notice,[합성 텍스트 142],[Synthetic 142],ja,0.681,0.749,0.952,0,27,needs_review,4,1,3
SYN0142,notice,[합성 텍스트 142],[Synthetic 142],zh,0.804,0.761,0.831,0,27,good,4,2,2
SYN0143,achievement,[합성 텍스트 143],[Synthetic 143],en,0.524,0.875,0.86,1,22,needs_review,1,0,3
SYN0143,achievement,[합성 텍스트 143],[Synthetic 143],ja,0.939,0.69,0.842,1,22,excellent,1,1,1
SYN0143,achievement,[합성 텍스트 143],[Synthetic 143],zh,0.88,0.919,0.794,1,22,good,1,2,2
SYN0144,item,[합성 텍스트 144],[Synthetic 144],en,0.778,0.73,0.843,1,44,acceptable,3,0,0
SYN0144,item,[합성 텍스트 144],[Synthetic 144],ja,0.59,0.814,0.886,1,44,needs_review,3,1,3
SYN0144,item,[합성 텍스트 144],[Synthetic 144],zh,0.727,0.638,0.929,1,44,acceptable,3,2,0
SYN0145,skill,[합성 텍스트 145],[Synthetic 145],en,0.672,0.65,0.768,1,67,needs_review,6,0,3
SYN0145,skill,[합성 텍스트 145],[Synthetic 145],ja,0.646,0.923,0.799,1,67,needs_review,6,1,3
SYN0145,skill,[합성 텍스트 145],[Synthetic 145],zh,0.764,0.746,0.87,1,67,acceptable,6,2,0
SYN0146,achievement,[합성 텍스트 146],[Synthetic 146],en,0.647,0.643,0.739,1,42,needs_review,1,0,3
SYN0146,achievement,[합성 텍스트 146],[Synthetic 146],ja,0.647,0.675,0.883,1,42,needs_review,1,1,3
SYN0146,achievement,[합성 텍스트 146],[Synthetic 146],zh,0.653,1.0,0.711,1,42,needs_review,1,2,3
SYN0147,dialog,[합성 텍스트 147],[Synthetic 147],en,0.651,0.814,0.664,1,7,needs_review,2,0,3
SYN0147,dialog,[합성 텍스트 147],[Synthetic 147],ja,0.724,0.99,0.814,1,7,acceptable,2,1,0
SYN0147,dialog,[합성 텍스트 147],[Synthetic 147],zh,0.726,0.902,0.837,1,7,acceptable,2,2,0
SYN0148,achievement,[합성 텍스트 148],[Synthetic 148],en,0.814,0.789,0.769,0,82,good,1,0,2
SYN0148,achievement,[합성 텍스트 148],[Synthetic 148],ja,0.763,0.742,0.808,0,82,acceptable,1,1,0
SYN0148,achievement,[합성 텍스트 148],[Synthetic 148],zh,0.811,0.666,0.934,0,82,good,1,2,2
SYN0149,story,[합성 텍스트 149],[Synthetic 149],en,0.942,0.913,0.858,0,16,excellent,7,0,1
SYN0149,story,[합성 텍스트 149],[Synthetic 149],ja,0.656,0.747,0.856,0,16,needs_review,7,1,3
SYN0149,story,[합성 텍스트 149],[Synthetic 149],zh,0.754,0.791,0.848,0,16,acceptable,7,2,0
SYN0150,dialog,[합성 텍스트 150],[Synthetic 150],en,0.648,0.891,0.741,1,54,needs_review,2,0,3
SYN0150,dialog,[합성 텍스트 150],[Synthetic 150],ja,0.681,0.718,0.859,1,54,needs_review,2,1,3
SYN0150,dialog,[합성 텍스트 150],[Synthetic 150],zh,0.661,0.948,0.891,1,54,needs_review,2,2,3
SYN0151,quest,[합성 텍스트 151],[Synthetic 151],en,0.673,0.742,0.875,0,36,needs_review,5,0,3
SYN0151,quest,[합성 텍스트 151],[Synthetic 151],ja,0.701,0.889,0.788,0,36,acceptable,5,1,0
SYN0151,quest,[합성 텍스트 151],[Synthetic 151],zh,0.688,0.734,0.805,0,36,needs_review,5,2,3
SYN0152,story,[합성 텍스트 152],[Synthetic 152],en,0.921,1.0,0.768,0,32,excellent,7,0,1
SYN0152,story,[합성 텍스트 152],[Synthetic 152],ja,0.757,0.682,0.788,0,32,acceptable,7,1,0
SYN0152,story,[합성 텍스트 152],[Synthetic 152],zh,0.687,0.694,0.766,0,32,needs_review,7,2,3
SYN0153,UI,[합성 텍스트 153],[Synthetic 153],en,0.884,0.708,1.0,0,43,good,0,0,2
SYN0153,UI,[합성 텍스트 153],[Synthetic 153],ja,0.755,0.807,0.746,0,43,acceptable,0,1,0
SYN0153,UI,[합성 텍스트 153],[Synthetic 153],zh,0.971,0.912,0.874,0,43,excellent,0,2,1
SYN0154,notice,[합성 텍스트 154],[Synthetic 154],en,0.638,0.946,0.915,0,51,needs_review,4,0,3
SYN0154,notice,[합성 텍스트 154],[Synthetic 154],ja,0.76,0.556,0.771,0,51,acceptable,4,1,0
SYN0154,notice,[합성 텍스트 154],[Synthetic 154],zh,0.819,0.921,0.939,0,51,good,4,2,2
SYN0155,item,[합성 텍스트 155],[Synthetic 155],en,0.902,0.634,0.849,0,47,excellent,3,0,1
SYN0155,item,[합성 텍스트 155],[Synthetic 155],ja,0.827,0.77,0.702,0,47,good,3,1,2
SYN0155,item,[합성 텍스트 155],[Synthetic 155],zh,0.767,0.767,0.838,0,47,acceptable,3,2,0
SYN0156,UI,[합성 텍스트 156],[Synthetic 156],en,0.796,0.844,0.826,0,94,acceptable,0,0,0
SYN0156,UI,[합성 텍스트 156],[Synthetic 156],ja,0.759,0.809,0.696,0,94,acceptable,0,1,0
SYN0156,UI,[합성 텍스트 156],[Synthetic 156],zh,0.848,0.8,0.853,0,94,good,0,2,2
SYN0157,dialog,[합성 텍스트 157],[Synthetic 157],en,0.503,0.827,0.849,1,85,needs_review,2,0,3
SYN0157,dialog,[합성 텍스트 157],[Synthetic 157],ja,0.717,0.754,0.903,1,85,acceptable,2,1,0
SYN0157,dialog,[합성 텍스트 157],[Synthetic 157],zh,0.793,0.848,0.829,1,85,acceptable,2,2,0
SYN0158,quest,[합성 텍스트 158],[Synthetic 158],en,0.822,0.864,0.78,1,86,good,5,0,2
SYN0158,quest,[합성 텍스트 158],[Synthetic 158],ja,0.767,0.886,0.975,1,86,acceptable,5,1,0
SYN0158,quest,[합성 텍스트 158],[Synthetic 158],zh,0.612,0.777,0.91,1,86,needs_review,5,2,3
SYN0159,notice,[합성 텍스트 159],[Synthetic 159],en,0.791,0.858,0.857,0,30,acceptable,4,0,0
SYN0159,notice,[합성 텍스트 159],[Synthetic 159],ja,0.772,0.774,0.968,0,30,acceptable,4,1,0
SYN0159,notice,[합성 텍스트 159],[Synthetic 159],zh,0.66,0.741,0.851,0,30,needs_review,4,2,3
SYN0160,dialog,[합성 텍스트 160],[Synthetic 160],en,0.569,0.596,0.853,1,22,needs_review,2,0,3
SYN0160,dialog,[합성 텍스트 160],[Synthetic 160],ja,0.588,0.762,0.903,1,22,needs_review,2,1,3
SYN0160,dialog,[합성 텍스트 160],[Synthetic 160],zh,0.636,0.823,0.826,1,22,needs_review,2,2,3
SYN0161,quest,[합성 텍스트 161],[Synthetic 161],en,0.681,0.783,0.933,0,11,needs_review,5,0,3
SYN0161,quest,[합성 텍스트 161],[Synthetic 161],ja,0.789,0.66,0.902,0,11,acceptable,5,1,0
SYN0161,quest,[합성 텍스트 161],[Synthetic 161],zh,0.642,0.941,0.932,0,11,needs_review,5,2,3
SYN0162,quest,[합성 텍스트 162],[Synthetic 162],en,0.729,0.868,0.82,0,89,acceptable,5,0,0
SYN0162,quest,[합성 텍스트 162],[Synthetic 162],ja,0.774,0.887,0.805,0,89,acceptable,5,1,0
SYN0162,quest,[합성 텍스트 162],[Synthetic 162],zh,0.688,0.681,0.765,0,89,needs_review,5,2,3
SYN0163,achievement,[합성 텍스트 163],[Synthetic 163],en,0.931,0.943,0.72,0,51,excellent,1,0,1
SYN0163,achievement,[합성 텍스트 163],[Synthetic 163],ja,0.822,0.942,0.813,0,51,good,1,1,2
SYN0163,achievement,[합성 텍스트 163],[Synthetic 163],zh,0.76,0.599,0.871,0,51,acceptable,1,2,0
SYN0164,story,[합성 텍스트 164],[Synthetic 164],en,0.544,0.854,0.932,1,62,needs_review,7,0,3
SYN0164,story,[합성 텍스트 164],[Synthetic 164],ja,0.622,0.686,0.678,1,62,needs_review,7,1,3
SYN0164,story,[합성 텍스트 164],[Synthetic 164],zh,0.673,0.742,0.726,1,62,needs_review,7,2,3
SYN0165,story,[합성 텍스트 165],[Synthetic 165],en,0.642,0.745,0.936,0,44,needs_review,7,0,3
SYN0165,story,[합성 텍스트 165],[Synthetic 165],ja,0.81,0.787,0.9,0,44,good,7,1,2
SYN0165,story,[합성 텍스트 165],[Synthetic 165],zh,0.634,0.803,0.862,0,44,needs_review,7,2,3
SYN0166,quest,[합성 텍스트 166],[Synthetic 166],en,0.622,0.851,0.894,1,97,needs_review,5,0,3
SYN0166,quest,[합성 텍스트 166],[Synthetic 166],ja,0.408,0.919,0.606,1,97,needs_review,5,1,3
SYN0166,quest,[합성 텍스트 166],[Synthetic 166],zh,0.638,0.903,0.825,1,97,needs_review,5,2,3
SYN0167,quest,[합성 텍스트 167],[Synthetic 167],en,0.853,0.608,0.94,0,75,good,5,0,2
SYN0167,quest,[합성 텍스트 167],[Synthetic 167],ja,0.744,0.681,0.803,0,75,acceptable,5,1,0
SYN0167,quest,[합성 텍스트 167],[Synthetic 167],zh,0.648,0.887,0.909,0,75,needs_review,5,2,3
SYN0168,dialog,[합성 텍스트 168],[Synthetic 168],en,0.664,0.929,0.742,0,25,needs_review,2,0,3
SYN0168,dialog,[합성 텍스트 168],[Synthetic 168],ja,0.91,0.797,0.757,0,25,excellent,2,1,1
SYN0168,dialog,[합성 텍스트 168],[Synthetic 168],zh,0.682,0.72,0.748,0,25,needs_review,2,2,3
SYN0169,UI,[합성 텍스트 169],[Synthetic 169],en,0.582,0.762,0.706,0,29,needs_review,0,0,3
SYN0169,UI,[합성 텍스트 169],[Synthetic 169],ja,0.725,0.709,0.78,0,29,acceptable,0,1,0
SYN0169,UI,[합성 텍스트 169],[Synthetic 169],zh,1.0,0.806,0.87,0,29,excellent,0,2,1
SYN0170,item,[합성 텍스트 170],[Synthetic 170],en,0.772,0.698,0.923,1,36,acceptable,3,0,0
SYN0170,item,[합성 텍스트 170],[Synthetic 170],ja,0.63,0.771,0.803,1,36,needs_review,3,1,3
SYN0170,item,[합성 텍스트 170],[Synthetic 170],zh,0.766,0.736,0.828,1,36,acceptable,3,2,0
SYN0171,skill,[합성 텍스트 171],[Synthetic 171],en,0.799,0.824,0.843,0,19,acceptable,6,0,0
SYN0171,skill,[합성 텍스트 171],[Synthetic 171],ja,0.707,0.88,0.831,0,19,acceptable,6,1,0
SYN0171,skill,[합성 텍스트 171],[Synthetic 171],zh,0.719,0.81,0.986,0,19,acceptable,6,2,0
SYN0172,skill,[합성 텍스트 172],[Synthetic 172],en,0.561,0.822,0.976,0,40,needs_review,6,0,3
SYN0172,skill,[합성 텍스트 172],[Synthetic 172],ja,0.799,0.817,0.805,0,40,acceptable,6,1,0
SYN0172,skill,[합성 텍스트 172],[Synthetic 172],zh,0.753,0.775,0.787,0,40,acceptable,6,2,0
SYN0173,story,[합성 텍스트 173],[Synthetic 173],en,0.673,0.719,0.741,0,7,needs_review,7,0,3
SYN0173,story,[합성 텍스트 173],[Synthetic 173],ja,0.789,0.855,0.869,0,7,acceptable,7,1,0
SYN0173,story,[합성 텍스트 173],[Synthetic 173],zh,0.847,0.809,0.881,0,7,good,7,2,2
SYN0174,achievement,[합성 텍스트 174],[Synthetic 174],en,0.697,1.0,0.814,0,79,needs_review,1,0,3
SYN0174,achievement,[합성 텍스트 174],[Synthetic 174],ja,0.683,0.843,0.87,0,79,needs_review,1,1,3
SYN0174,achievement,[합성 텍스트 174],[Synthetic 174],zh,0.61,0.912,0.842,0,79,needs_review,1,2,3
SYN0175,UI,[합성 텍스트 175],[Synthetic 175],en,0.813,0.674,0.992,1,47,good,0,0,2
SYN0175,UI,[합성 텍스트 175],[Synthetic 175],ja,0.816,0.799,0.977,1,47,good,0,1,2
SYN0175,UI,[합성 텍스트 175],[Synthetic 175],zh,0.766,0.797,0.797,1,47,acceptable,0,2,0
SYN0176,item,[합성 텍스트 176],[Synthetic 176],en,0.751,0.721,0.86,1,45,acceptable,3,0,0
SYN0176,item,[합성 텍스트 176],[Synthetic 176],ja,0.743,0.667,0.732,1,45,acceptable,3,1,0
SYN0176,item,[합성 텍스트 176],[Synthetic 176],zh,0.807,0.54,0.866,1,45,good,3,2,2
SYN0177,skill,[합성 텍스트 177],[Synthetic 177],en,0.651,0.866,0.818,1,55,needs_review,6,0,3
SYN0177,skill,[합성 텍스트 177],[Synthetic 177],ja,0.711,0.874,0.813,1,55,acceptable,6,1,0
SYN0177,skill,[합성 텍스트 177],[Synthetic 177],zh,0.8,0.701,0.874,1,55,good,6,2,2
SYN0178,item,[합성 텍스트 178],[Synthetic 178],en,0.992,0.724,0.74,0,38,excellent,3,0,1
SYN0178,item,[합성 텍스트 178],[Synthetic 178],ja,0.701,0.866,0.89,0,38,acceptable,3,1,0
SYN0178,item,[합성 텍스트 178],[Synthetic 178],zh,0.81,0.688,0.911,0,38,good,3,2,2
SYN0179,item,[합성 텍스트 179],[Synthetic 179],en,1.0,0.837,0.897,0,51,excellent,3,0,1
SYN0179,item,[합성 텍스트 179],[Synthetic 179],ja,0.751,0.619,0.802,0,51,acceptable,3,1,0
SYN0179,item,[합성 텍스트 179],[Synthetic 179],zh,0.691,0.655,0.988,0,51,needs_review,3,2,3
SYN0180,item,[합성 텍스트 180],[Synthetic 180],en,0.769,0.783,0.927,0,20,acceptable,3,0,0
SYN0180,item,[합성 텍스트 180],[Synthetic 180],ja,0.797,0.853,0.834,0,20,acceptable,3,1,0
SYN0180,item,[합성 텍스트 180],[Synthetic 180],zh,0.766,0.659,0.692,0,20,acceptable,3,2,0
SYN0181,skill,[합성 텍스트 181],[Synthetic 181],en,0.693,0.671,0.847,0,31,needs_review,6,0,3
SYN0181,skill,[합성 텍스트 181],[Synthetic 181],ja,0.755,0.584,0.777,0,31,acceptable,6,1,0
SYN0181,skill,[합성 텍스트 181],[Synthetic 181],zh,0.791,0.839,0.758,0,31,acceptable,6,2,0
SYN0182,skill,[합성 텍스트 182],[Synthetic 182],en,0.778,0.79,0.813,1,76,acceptable,6,0,0
SYN0182,skill,[합성 텍스트 182],[Synthetic 182],ja,0.637,0.847,0.866,1,76,needs_review,6,1,3
SYN0182,skill,[합성 텍스트 182],[Synthetic 182],zh,0.763,0.813,0.916,1,76,acceptable,6,2,0
SYN0183,UI,[합성 텍스트 183],[Synthetic 183],en,0.837,0.72,0.705,1,77,good,0,0,2
SYN0183,UI,[합성 텍스트 183],[Synthetic 183],ja,0.904,0.826,0.713,1,77,excellent,0,1,1
SYN0183,UI,[합성 텍스트 183],[Synthetic 183],zh,0.679,0.877,0.828,1,77,needs_review,0,2,3
SYN0184,quest,[합성 텍스트 184],[Synthetic 184],en,0.645,0.72,0.867,0,80,needs_review,5,0,3
SYN0184,quest,[합성 텍스트 184],[Synthetic 184],ja,0.789,0.85,0.923,0,80,acceptable,5,1,0
SYN0184,quest,[합성 텍스트 184],[Synthetic 184],zh,0.77,0.849,0.829,0,80,acceptable,5,2,0
SYN0185,UI,[합성 텍스트 185],[Synthetic 185],en,0.822,0.877,0.894,0,88,good,0,0,2
SYN0185,UI,[합성 텍스트 185],[Synthetic 185],ja,0.804,0.719,0.855,0,88,good,0,1,2
SYN0185,UI,[합성 텍스트 185],[Synthetic 185],zh,0.797,0.819,1.0,0,88,acceptable,0,2,0
SYN0186,item,[합성 텍스트 186],[Synthetic 186],en,0.907,0.81,1.0,0,58,excellent,3,0,1
SYN0186,item,[합성 텍스트 186],[Synthetic 186],ja,0.762,0.832,0.786,0,58,acceptable,3,1,0
SYN0186,item,[합성 텍스트 186],[Synthetic 186],zh,0.765,0.825,0.918,0,58,acceptable,3,2,0
SYN0187,story,[합성 텍스트 187],[Synthetic 187],en,0.741,0.767,1.0,0,82,acceptable,7,0,0
SYN0187,story,[합성 텍스트 187],[Synthetic 187],ja,0.789,0.728,0.794,0,82,acceptable,7,1,0
SYN0187,story,[합성 텍스트 187],[Synthetic 187],zh,0.656,0.894,0.821,0,82,needs_review,7,2,3
SYN0188,item,[합성 텍스트 188],[Synthetic 188],en,0.873,0.715,0.764,0,53,good,3,0,2
SYN0188,item,[합성 텍스트 188],[Synthetic 188],ja,0.822,0.86,0.877,0,53,good,3,1,2
SYN0188,item,[합성 텍스트 188],[Synthetic 188],zh,0.719,0.868,0.79,0,53,acceptable,3,2,0
SYN0189,dialog,[합성 텍스트 189],[Synthetic 189],en,0.88,0.863,0.898,0,19,good,2,0,2
SYN0189,dialog,[합성 텍스트 189],[Synthetic 189],ja,0.875,1.0,0.713,0,19,good,2,1,2
SYN0189,dialog,[합성 텍스트 189],[Synthetic 189],zh,0.676,0.738,0.782,0,19,needs_review,2,2,3
SYN0190,quest,[합성 텍스트 190],[Synthetic 190],en,0.628,0.834,0.854,0,47,needs_review,5,0,3
SYN0190,quest,[합성 텍스트 190],[Synthetic 190],ja,0.798,0.851,0.898,0,47,acceptable,5,1,0
SYN0190,quest,[합성 텍스트 190],[Synthetic 190],zh,0.713,1.0,0.869,0,47,acceptable,5,2,0
SYN0191,dialog,[합성 텍스트 191],[Synthetic 191],en,0.526,0.802,0.84,1,13,needs_review,2,0,3
SYN0191,dialog,[합성 텍스트 191],[Synthetic 191],ja,0.653,1.0,0.894,1,13,needs_review,2,1,3
SYN0191,dialog,[합성 텍스트 191],[Synthetic 191],zh,0.773,0.707,0.77,1,13,acceptable,2,2,0
SYN0192,item,[합성 텍스트 192],[Synthetic 192],en,0.614,0.782,0.851,0,29,needs_review,3,0,3
SYN0192,item,[합성 텍스트 192],[Synthetic 192],ja,0.778,0.719,0.807,0,29,acceptable,3,1,0
SYN0192,item,[합성 텍스트 192],[Synthetic 192],zh,0.782,0.809,0.898,0,29,acceptable,3,2,0
SYN0193,skill,[합성 텍스트 193],[Synthetic 193],en,0.704,0.844,0.899,0,96,acceptable,6,0,0
SYN0193,skill,[합성 텍스트 193],[Synthetic 193],ja,0.707,0.879,0.928,0,96,acceptable,6,1,0
SYN0193,skill,[합성 텍스트 193],[Synthetic 193],zh,0.879,0.978,0.781,0,96,good,6,2,2
SYN0194,UI,[합성 텍스트 194],[Synthetic 194],en,0.74,0.735,0.731,1,17,acceptable,0,0,0
SYN0194,UI,[합성 텍스트 194],[Synthetic 194],ja,0.759,0.723,0.857,1,17,acceptable,0,1,0
SYN0194,UI,[합성 텍스트 194],[Synthetic 194],zh,0.671,0.69,0.869,1,17,needs_review,0,2,3
SYN0195,UI,[합성 텍스트 195],[Synthetic 195],en,1.0,0.828,0.889,0,57,excellent,0,0,1
SYN0195,UI,[합성 텍스트 195],[Synthetic 195],ja,0.692,0.671,0.977,0,57,needs_review,0,1,3
SYN0195,UI,[합성 텍스트 195],[Synthetic 195],zh,0.708,0.696,0.847,0,57,acceptable,0,2,0
SYN0196,quest,[합성 텍스트 196],[Synthetic 196],en,0.72,0.923,0.786,0,77,acceptable,5,0,0
SYN0196,quest,[합성 텍스트 196],[Synthetic 196],ja,0.611,0.894,0.889,0,77,needs_review,5,1,3
SYN0196,quest,[합성 텍스트 196],[Synthetic 196],zh,0.688,0.642,0.79,0,77,needs_review,5,2,3
SYN0197,notice,[합성 텍스트 197],[Synthetic 197],en,0.596,0.792,0.904,1,5,needs_review,4,0,3
SYN0197,notice,[합성 텍스트 197],[Synthetic 197],ja,0.462,0.903,0.755,1,5,needs_review,4,1,3
SYN0197,notice,[합성 텍스트 197],[Synthetic 197],zh,0.733,0.825,0.937,1,5,acceptable,4,2,0
SYN0198,quest,[합성 텍스트 198],[Synthetic 198],en,0.622,0.814,0.834,1,90,needs_review,5,0,3
SYN0198,quest,[합성 텍스트 198],[Synthetic 198],ja,0.748,0.879,0.899,1,90,acceptable,5,1,0
SYN0198,quest,[합성 텍스트 198],[Synthetic 198],zh,0.679,0.615,0.814,1,90,needs_review,5,2,3
SYN0199,achievement,[합성 텍스트 199],[Synthetic 199],en,0.813,0.891,0.86,0,8,good,1,0,2
SYN0199,achievement,[합성 텍스트 199],[Synthetic 199],ja,0.444,0.672,1.0,0,8,needs_review,1,1,3
SYN0199,achievement,[합성 텍스트 199],[Synthetic 199],zh,0.695,0.602,0.949,0,8,needs_review,1,2,3
